{"name":"Turb","coef":6437.486816,"offset":-25183.41797}
